Workbook

Sheet Parametros
A1: HOJA DE MÉTRICAS DE LA INSPECCIÓN FAGAN — PE4 · ERS SIMPA v3.0
A2: Equipo B · ISR-401 · UTEQ. Todas las métricas de la hoja "Metricas" se calculan con fórmulas a partir de estas dos hojas.
A4: Alcance inspeccionado | B4: §1 a §7 del ERS (pp. 8–70); apéndices A–E excluidos
A5: Páginas efectivas inspeccionadas | B5: 63
A6: Número de inspectores | B6: 3
A8: ESFUERZO EN HORAS-PERSONA
A9: Preparación individual — Moderador | B9: 2
A10: Preparación individual — Lector | B10: 2
A11: Preparación individual — Inspector 1 | B11: 2
A12: Preparación individual — Inspector 2 | B12: 2
A13: Duración de la reunión (horas) | B13: 1.5
A14: Personas presentes en la reunión | B14: 3
A15: Planificación y consolidación (horas del Moderador) | B15: 0.5

Sheet Datos
A1: DEFECTOS CONSOLIDADOS EN LA REUNIÓN
A6: N.º | B6: Tipo | C6: Severidad | D6: Detectado por (rol) | E6: Detectado por (nombre) | F6: Requisito afectado
A7: DEF-01 | B7: Consistencia | C7: Mayor | D7: Moderador | E7: Rizzo | F7: RD-01 a RD-10
A8: DEF-02 | B8: Consistencia | C8: Crítico | D8: Inspector 2 | E8: Rizzo | F8: Todos los RF
A9: DEF-03 | B9: Consistencia | C9: Mayor | D9: Inspector 2 | E9: Rizzo | F9: RF-36 a RF-39
A10: DEF-04 | B10: Consistencia | C10: Mayor | D10: Inspector 2 | E10: Rizzo | F10: Matriz completa
A11: DEF-05 | B11: Consistencia | C11: Mayor | D11: Inspector 2 | E11: Rizzo | F11: §3.2 completa
A12: DEF-06 | B12: Consistencia | C12: Crítico | D12: Moderador | E12: Rizzo | F12: RD-01, RD-10, RF-35
A13: DEF-07 | B13: Consistencia | C13: Mayor | D13: Moderador | E13: Rizzo | F13: RD-02
A14: DEF-08 | B14: Consistencia | C14: Mayor | D14: Libre | E14: Villafuerte | F14: RF-29
A15: DEF-09 | B15: Consistencia | C15: Crítico | D15: Inspector 2 | E15: Rizzo | F15: RF-36, RF-37
A16: DEF-10 | B16: Consistencia | C16: Mayor | D16: Inspector 2 | E16: Rizzo | F16: RF-05, RF-30
A17: DEF-11 | B17: Consistencia | C17: Mayor | D17: Inspector 2 | E17: Rizzo | F17: RF-10
... A39: DEF-33 | B39: Factibilidad | C39: Mayor | D39: Inspector 2 | E39: Rizzo | F39: RF-15, RF-20

Sheet Metricas
A1: LAS CINCO MÉTRICAS DE INSPECCIÓN EXIGIDAS POR LA GUÍA PE4
A4: MÉTRICA 1 — Densidad de defectos
A5: Defectos confirmados | B5: =COUNTA(Datos!$A$7:$A$39) -> 33
A6: Páginas efectivas | B6: =Parametros!$B$5 -> 63
A7: Densidad (defectos / página) | B7: =IFERROR(B5/B6,0) -> 0.52380952
A8: Interpretación (1 oración): | B8: Con 0,52 defectos por página, la inspección detectó un nivel moderado de errores en las 63 páginas efectivas revisadas.
A10: MÉTRICA 2 — Distribución por tipo de defecto
A11: Tipo | B11: Cantidad | C11: % del total
A12: Ambigüedad | B12: =COUNTIF(Datos!$B$7:$B$39,A12) -> 4 | C12: =IFERROR(B12/SUM($B$12:$B$17),0) -> 0.12121212
A13: Completitud | B13: =COUNTIF(Datos!$B$7:$B$39,A13) -> 6 | C13: =IFERROR(B13/SUM($B$12:$B$17),0) -> 0.18181818
A14: Consistencia | B14: =COUNTIF(Datos!$B$7:$B$39,A14) -> 11 | C14: =IFERROR(B14/SUM($B$12:$B$17),0) -> 0.33333333
A15: Verificabilidad | B15: =COUNTIF(Datos!$B$7:$B$39,A15) -> 5 | C15: =IFERROR(B15/SUM($B$12:$B$17),0) -> 0.15151515
A16: Trazabilidad | B16: =COUNTIF(Datos!$B$7:$B$39,A16) -> 4 | C16: =IFERROR(B16/SUM($B$12:$B$17),0) -> 0.12121212
A17: Factibilidad | B17: =COUNTIF(Datos!$B$7:$B$39,A17) -> 3 | C17: =IFERROR(B17/SUM($B$12:$B$17),0) -> 0.090909091
A18: Total | B18: =SUM(B12:B17) -> 33
A19: Interpretación (1 oración): | B19: La consistencia (33,3%) y la completitud (18,2%) son los tipos de defecto más frecuentes, lo que sugiere que el documento tiene problemas principalmente de coherencia interna y de información faltante.
A21: MÉTRICA 3 — Distribución por severidad
A22: Severidad | B22: Cantidad | C22: % del total
A23: Crítico | B23: =COUNTIF(Datos!$C$7:$C$39,A23) -> 4 | C23: =IFERROR(B23/SUM($B$23:$B$25),0) -> 0.12121212
A24: Mayor | B24: =COUNTIF(Datos!$C$7:$C$39,A24) -> 24 | C24: =IFERROR(B24/SUM($B$23:$B$25),0) -> 0.72727273
A25: Menor | B25: =COUNTIF(Datos!$C$7:$C$39,A25) -> 5 | C25: =IFERROR(B25/SUM($B$23:$B$25),0) -> 0.15151515
A26: Críticos + mayores | B26: =B23+B24 -> 28
A27: Interpretación (1 oración): | B27: El 72,7% de los defectos son de severidad mayor y, sumados a los críticos, representan el 84,8% del total (28 de 33), indicando que la mayoría de los hallazgos requieren corrección antes de aprobar el documento.
A29: MÉTRICA 4 — Tasa de detección por inspector
A30: Rol | B30: Defectos | C30: % del total | D30: Cumple el mínimo de 6
A31: Moderador | B31: =COUNTIF(Datos!$D$7:$D$39,A31) -> 6 | C31: =IFERROR(B31/SUM($B$31:$B$35),0) -> 0.18181818 | D31: =IF(A31="Libre","n/a",IF(B31>=6,"Sí","NO — faltan "&(6-B31))) -> Sí
A32: Lector | B32: =COUNTIF(Datos!$D$7:$D$39,A32) -> 7 | C32: =IFERROR(B32/SUM($B$31:$B$35),0) -> 0.21212121 | D32: =IF(A32="Libre","n/a",IF(B32>=6,"Sí","NO — faltan "&(6-B32))) -> Sí
A33: Inspector 1 | B33: =COUNTIF(Datos!$D$7:$D$39,A33) -> 6 | C33: =IFERROR(B33/SUM($B$31:$B$35),0) -> 0.18181818 | D33: =IF(A33="Libre","n/a",IF(B33>=6,"Sí","NO — faltan "&(6-B33))) -> Sí
A34: Inspector 2 | B34: =COUNTIF(Datos!$D$7:$D$39,A34) -> 9 | C34: =IFERROR(B34/SUM($B$31:$B$35),0) -> 0.27272727 | D34: =IF(A34="Libre","n/a",IF(B34>=6,"Sí","NO — faltan "&(6-B34))) -> Sí
A35: Libre | B35: =COUNTIF(Datos!$D$7:$D$39,A35) -> 5 | C35: =IFERROR(B35/SUM($B$31:$B$35),0) -> 0.15151515 | D35: =IF(A35="Libre","n/a",IF(B35>=6,"Sí","NO — faltan "&(6-B35))) -> n/a
A36: Total | B36: =SUM(B31:B35) -> 33
A37: Interpretación (1 oración): | B37: Todos los roles evaluados (moderador, lector, inspector 1 e inspector 2) cumplieron con el mínimo de 6 defectos detectados, mostrando una participación equilibrada y efectiva del equipo.
A39: MÉTRICA 5 — Esfuerzo total en horas-persona
A40: Preparación individual (suma de los 4 inspectores) | B40: =SUM(Parametros!B9:B12) -> 8
A41: Reunión de inspección (duración × asistentes) | B41: =Parametros!B13*Parametros!B14 -> 4.5
A42: Planificación y consolidación | B42: =Parametros!B15 -> 0.5
A43: Esfuerzo total (horas-persona) | B43: =SUM(B40:B42) -> 13
A44: Horas-persona por defecto detectado | B44: =IFERROR(B43/B5,0) -> 0.39393939
A45: Defectos detectados por hora-persona | B45: =IFERROR(B5/B43,0) -> 2.5384615
A46: Interpretación (1 oración): | B46: Con 13 horas-persona invertidas y 2,54 defectos detectados por hora-persona, la inspección fue relativamente eficiente en términos de costo-beneficio del esfuerzo dedicado.
